hospital_name,area,doctor_name,specialty,experience_years,availability,available_beds
"Coimbatore Medical Center","Kandhipuram","Dr. Ramesh Kumar","Cardiology",15,True,220
"Coimbatore Medical Center","Kandhipuram","Dr. Sanjay Rao","Oncology",14,True,220
"Coimbatore Medical Center","Kandhipuram","Dr. Priya Nair","Neurology",12,True,220
"Coimbatore Medical Center","Kandhipuram","Dr. Naveen Iyer","Gastroenterology",11,True,220
"Coimbatore Medical Center","Kandhipuram","Dr. Arjun Das","Orthopedics",10,False,220
"Coimbatore Medical Center","Kandhipuram","Dr. Anitha Suresh","General Surgery",9,True,220
"Coimbatore Medical Center","Kandhipuram","Dr. Meena Krishnan","Pediatrics",8,True,220
"Coimbatore Medical Center","Kandhipuram","Dr. Kavitha Menon","Dermatology",7,True,220
"Kovai Medical College Hospital","Saibaba Colony","Dr. Shankar Iyer","Cardiology",20,True,280
"Kovai Medical College Hospital","Saibaba Colony","Dr. Rajesh Pillai","Oncology",18,True,280
"Kovai Medical College Hospital","Saibaba Colony","Dr. Manoj Prasad","Neurology",16,True,280
"Kovai Medical College Hospital","Saibaba Colony","Dr. Arun Kumar","Orthopedics",13,True,280
"Kovai Medical College Hospital","Saibaba Colony","Dr. Latha Subramani","Gynecology",11,False,280
"Kovai Medical College Hospital","Saibaba Colony","Dr. Swathi Nair","General Medicine",10,True,280
"Kovai Medical College Hospital","Saibaba Colony","Dr. Kavitha Reddy","Dermatology",9,True,280
"Kovai Medical College Hospital","Saibaba Colony","Dr. Divya Rao","Pediatrics",6,True,280
"KG Hospital","KK Pudur","Dr. Sudha Rani","Neurology",14,True,150
"KG Hospital","KK Pudur","Dr. Vinod Babu","Cardiology",11,True,150
"KG Hospital","KK Pudur","Dr. Priyanka Menon","Dermatology",8,True,150
"KG Hospital","KK Pudur","Dr. Naveen Rao","Orthopedics",6,True,150
"PSG Hospitals","RS Puram","Dr. Ashok Srinivasan","Cardiology",22,True,350
"PSG Hospitals","RS Puram","Dr. Anil Prasad","Oncology",16,False,350
"PSG Hospitals","RS Puram","Dr. Pradeep Iyer","General Medicine",12,True,350
"PSG Hospitals","RS Puram","Dr. Divya Krishnan","Pediatrics",5,True,350
"Sri Ramakrishna Hospital","Race Course","Dr. Karthik Raman","Orthopedics",13,True,200
"Sri Ramakrishna Hospital","Race Course","Dr. Meenakshi Rao","Gynecology",10,True,200
"Sri Ramakrishna Hospital","Race Course","Dr. Geetha Lakshmi","Cardiology",9,True,200
"Sri Ramakrishna Hospital","Race Course","Dr. Rahul Varma","Neurology",7,False,200
"Ganga Hospital","Vadavalli","Dr. Balaji Sekar","Orthopedics",18,True,120
"Ganga Hospital","Vadavalli","Dr. Suresh Kumar","General Surgery",15,True,120
"Ganga Hospital","Vadavalli","Dr. Harini Nair","Neurology",12,False,120
"Ganga Hospital","Vadavalli","Dr. Aishwarya Menon","Dermatology",6,True,120
"Gem Hospital","Peelamedu","Dr. Manohar Reddy","Gastroenterology",15,True,90
"Gem Hospital","Peelamedu","Dr. Venkatesh Iyer","Gastroenterology",12,True,90
"Gem Hospital","Peelamedu","Dr. Shalini Rao","General Surgery",10,True,90
"Gem Hospital","Peelamedu","Dr. Nandini Pillai","General Medicine",9,True,90
"Aravind Eye Hospital","RS Puram","Dr. Anand Krishnan","Ophthalmology",20,True,180
"Aravind Eye Hospital","RS Puram","Dr. Swathi Iyer","Ophthalmology",12,True,180
"Aravind Eye Hospital","RS Puram","Dr. Hari Prasad","Ophthalmology",9,True,180
"Aravind Eye Hospital","RS Puram","Dr. Revathi Nandakumar","Ophthalmology",7,False,180
"Sugam Hospital","Saibaba Colony","Dr. Raghav Menon","Cardiology",14,True,100
"Sugam Hospital","Saibaba Colony","Dr. Sneha Rao","Neurology",11,True,100
"Sugam Hospital","Saibaba Colony","Dr. Deepak Iyer","Pediatrics",8,False,100
"Vijaya Hospital","KK Pudur","Dr. Leela Nair","Oncology",13,True,190
"Vijaya Hospital","KK Pudur","Dr. Ajay Sharma","Orthopedics",10,True,190
"Vijaya Hospital","KK Pudur","Dr. Kiran Reddy","Dermatology",7,True,190
"Medwin Specialty Hospital","Peelamedu","Dr. Mohan Kumar","Cardiology",16,True,210
"Medwin Specialty Hospital","Peelamedu","Dr. Vignesh Rao","Orthopedics",12,False,210
"Medwin Specialty Hospital","Peelamedu","Dr. Divya Shankar","Gynecology",9,True,210
"Green Leaf Hospital","Race Course","Dr. Harish Iyer","Neurology",15,True,140
"Green Leaf Hospital","Race Course","Dr. Sandeep Varma","General Medicine",10,True,140
"Green Leaf Hospital","Race Course","Dr. Pooja Menon","Dermatology",8,True,140
"Lotus Heart Center","Vadavalli","Dr. Karthik Raj","Cardiology",18,True,130
"Lotus Heart Center","Vadavalli","Dr. Rohan Suresh","General Surgery",12,False,130
"Lotus Heart Center","Vadavalli","Dr. Nisha Rani","Pediatrics",6,True,130
"Sundaram Multispecialty","Kandhipuram","Dr. Anand Prasad","Oncology",20,True,230
"Sundaram Multispecialty","Kandhipuram","Dr. Rekha Iyer","Neurology",14,True,230
"Sundaram Multispecialty","Kandhipuram","Dr. Aravind Menon","Orthopedics",11,True,230
"Royal Care Super Specialty","Saibaba Colony","Dr. Sameer Kumar","Cardiology",22,True,320
"Royal Care Super Specialty","Saibaba Colony","Dr. Bhavana Rao","Gynecology",13,True,320
"Royal Care Super Specialty","Saibaba Colony","Dr. Chitra Nair","General Medicine",10,False,320
"Royal Care Super Specialty","Saibaba Colony","Dr. Kalyan Reddy","Dermatology",9,True,320
"Trustwell Hospital","KK Pudur","Dr. Suresh Babu","Orthopedics",17,True,200
"Trustwell Hospital","KK Pudur","Dr. Vandana Pillai","Cardiology",12,True,200
"Trustwell Hospital","KK Pudur","Dr. Rohit Iyer","Pediatrics",7,True,200
"New Life Hospital","RS Puram","Dr. Meera Krishnan","Oncology",15,True,150
"New Life Hospital","RS Puram","Dr. Ashwin Rao","General Surgery",11,True,150
"New Life Hospital","RS Puram","Dr. Vivek Menon","Neurology",9,False,150
"Wellbeing Hospital","Peelamedu","Dr. Varun Prasad","Cardiology",14,True,160
"Wellbeing Hospital","Peelamedu","Dr. Deepa Rao","Pediatrics",10,True,160
"Wellbeing Hospital","Peelamedu","Dr. Anjali Nair","Gynecology",8,True,160
"Hope Medical Center","Vadavalli","Dr. Surya Iyer","Orthopedics",13,True,210
"Hope Medical Center","Vadavalli","Dr. Mohit Reddy","General Medicine",12,False,210
"Hope Medical Center","Vadavalli","Dr. Kavya Sharma","Dermatology",7,True,210
"Bright Health Hospital","Race Course","Dr. Rajiv Kumar","Cardiology",19,True,190
"Bright Health Hospital","Race Course","Dr. Sandeep Rao","General Surgery",13,True,190
"Bright Health Hospital","Race Course","Dr. Neha Menon","Neurology",11,True,190
Apollo Specialty Hospital,Selvapuram,Dr. Divya Reddy,Oncology,25,False,84
Apollo Specialty Hospital,Selvapuram,Dr. Varun Prasad,Ophthalmology,23,False,240
Apollo Specialty Hospital,Selvapuram,Dr. Rohit Kumar,Gastroenterology,21,True,396
Apollo Specialty Hospital,Selvapuram,Dr. Arun Reddy,Gynecology,14,True,270
Apollo Specialty Hospital,Selvapuram,Dr. Arun Menon,General Medicine,19,False,368
Fortis Health Center,Chinniampalayam,Dr. Varun Pillai,General Medicine,14,False,297
Fortis Health Center,Chinniampalayam,Dr. Varun Iyer,Ophthalmology,25,True,221
Fortis Health Center,Chinniampalayam,Dr. Sneha Iyer,General Surgery,21,True,147
Fortis Health Center,Chinniampalayam,Dr. Arun Sharma,Gastroenterology,16,True,108
Fortis Health Center,Chinniampalayam,Dr. Naveen Kumar,Dermatology,10,True,305
Sri Krishna Medical College,Kuniyamuthur,Dr. Varun Pillai,General Medicine,5,True,272
Sri Krishna Medical College,Kuniyamuthur,Dr. Arun Prasad,Orthopedics,23,True,379
Sri Krishna Medical College,Kuniyamuthur,Dr. Deepa Prasad,Gastroenterology,20,True,208
Sri Krishna Medical College,Kuniyamuthur,Dr. Ashwin Kumar,Ophthalmology,7,False,100
Sri Krishna Medical College,Kuniyamuthur,Dr. Harini Rao,Pediatrics,12,False,195
LifeLine Multispecialty,Ukkadam,Dr. Rohit Sharma,Oncology,10,False,114
LifeLine Multispecialty,Ukkadam,Dr. Shalini Menon,Neurology,17,True,106
LifeLine Multispecialty,Ukkadam,Dr. Varun Kumar,Cardiology,14,False,198
LifeLine Multispecialty,Ukkadam,Dr. Rajiv Krishnan,Orthopedics,6,True,331
LifeLine Multispecialty,Ukkadam,Dr. Naveen Pillai,General Medicine,24,True,308
Global Health City,Chinniampalayam,Dr. Priya Pillai,Cardiology,21,False,221
Global Health City,Chinniampalayam,Dr. Suresh Iyer,Gynecology,6,False,221
Global Health City,Chinniampalayam,Dr. Divya Pillai,Pediatrics,6,True,208
Global Health City,Chinniampalayam,Dr. Suresh Pillai,Orthopedics,24,True,145
Global Health City,Chinniampalayam,Dr. Deepa Menon,Oncology,10,True,202
Velan Eye Hospital,Kovaipudur,Dr. Deepa Iyer,Neurology,20,False,147
Velan Eye Hospital,Kovaipudur,Dr. Karthik Kumar,Orthopedics,11,False,232
Velan Eye Hospital,Kovaipudur,Dr. Rohit Krishnan,General Medicine,17,True,200
Velan Eye Hospital,Kovaipudur,Dr. Naveen Sharma,Pediatrics,18,True,248
Velan Eye Hospital,Kovaipudur,Dr. Varun Prasad,Ophthalmology,22,False,251
Shanthi Children’s Hospital,Kalapatti,Dr. Balaji Sharma,Dermatology,7,True,190
Shanthi Children’s Hospital,Kalapatti,Dr. Rajiv Pillai,Gynecology,12,False,134
Shanthi Children’s Hospital,Kalapatti,Dr. Varun Sharma,Cardiology,13,True,231
Shanthi Children’s Hospital,Kalapatti,Dr. Anitha Krishnan,General Surgery,18,True,307
Shanthi Children’s Hospital,Kalapatti,Dr. Priya Rao,Oncology,9,False,262
Bharathi Ortho Center,Perur,Dr. Divya Menon,General Medicine,6,True,98
Bharathi Ortho Center,Perur,Dr. Meena Krishnan,Gastroenterology,14,True,193
Bharathi Ortho Center,Perur,Dr. Naveen Iyer,Dermatology,23,False,385
Bharathi Ortho Center,Perur,Dr. Divya Menon,General Surgery,12,True,222
Bharathi Ortho Center,Perur,Dr. Anitha Sharma,Orthopedics,21,True,293
Aruna Women’s Clinic,Town Hall,Dr. Arun Rao,Gynecology,18,True,154
Aruna Women’s Clinic,Town Hall,Dr. Karthik Nair,Pediatrics,25,False,311
Aruna Women’s Clinic,Town Hall,Dr. Deepa Menon,General Medicine,14,False,352
Aruna Women’s Clinic,Town Hall,Dr. Suresh Rao,Orthopedics,9,True,181
Aruna Women’s Clinic,Town Hall,Dr. Meena Nair,General Surgery,13,True,397
Coimbatore Neuro Care,Podanur,Dr. Varun Rao,Gynecology,5,True,161
Coimbatore Neuro Care,Podanur,Dr. Priya Sharma,Gastroenterology,8,True,249
Coimbatore Neuro Care,Podanur,Dr. Suresh Krishnan,General Medicine,11,True,96
Coimbatore Neuro Care,Podanur,Dr. Balaji Kumar,Oncology,15,False,188
Coimbatore Neuro Care,Podanur,Dr. Naveen Iyer,Cardiology,9,False,86
Sri Venkateswara Institute of Medical Sciences,Marudamalai,Dr. Anitha Reddy,Dermatology,19,False,227
Sri Venkateswara Institute of Medical Sciences,Marudamalai,Dr. Sneha Iyer,Cardiology,10,False,357
Sri Venkateswara Institute of Medical Sciences,Marudamalai,Dr. Naveen Nair,Neurology,19,True,240
Sri Venkateswara Institute of Medical Sciences,Marudamalai,Dr. Ashwin Reddy,Gynecology,13,True,248
Sri Venkateswara Institute of Medical Sciences,Marudamalai,Dr. Anitha Sharma,Orthopedics,15,False,223
Nirmala General Hospital,Marudamalai,Dr. Sneha Sharma,Cardiology,11,True,308
Nirmala General Hospital,Marudamalai,Dr. Meena Nair,Ophthalmology,9,True,176
Nirmala General Hospital,Marudamalai,Dr. Rahul Pillai,Orthopedics,13,True,144
Nirmala General Hospital,Marudamalai,Dr. Kavitha Sharma,General Medicine,6,False,382
Nirmala General Hospital,Marudamalai,Dr. Arun Iyer,Dermatology,9,False,297
Metro Heart Institute,Saravanampatti,Dr. Rajiv Pillai,Gynecology,17,False,149
Metro Heart Institute,Saravanampatti,Dr. Divya Iyer,Ophthalmology,10,True,377
Metro Heart Institute,Saravanampatti,Dr. Rajiv Krishnan,Gastroenterology,11,False,189
Metro Heart Institute,Saravanampatti,Dr. Deepa Sharma,Oncology,5,False,254
Metro Heart Institute,Saravanampatti,Dr. Deepa Nair,General Medicine,19,False,206
Santhosh Medical College,Chinniampalayam,Dr. Divya Reddy,Orthopedics,23,True,312
Santhosh Medical College,Chinniampalayam,Dr. Priya Nair,Neurology,9,True,138
Santhosh Medical College,Chinniampalayam,Dr. Arun Pillai,Cardiology,25,False,289
Santhosh Medical College,Chinniampalayam,Dr. Shalini Kumar,General Surgery,21,True,351
Santhosh Medical College,Chinniampalayam,Dr. Deepa Rao,Gastroenterology,13,False,253
Lotus Women’s Hospital,Kuniyamuthur,Dr. Rohit Kumar,Oncology,16,True,172
Lotus Women’s Hospital,Kuniyamuthur,Dr. Suresh Sharma,Gastroenterology,19,False,362
Lotus Women’s Hospital,Kuniyamuthur,Dr. Rajiv Nair,Dermatology,24,False,271
Lotus Women’s Hospital,Kuniyamuthur,Dr. Suresh Krishnan,Gynecology,21,True,201
Lotus Women’s Hospital,Kuniyamuthur,Dr. Balaji Sharma,Pediatrics,14,True,121
Kovai Heart Institute,Town Hall,Dr. Balaji Nair,Gynecology,7,False,222
Kovai Heart Institute,Town Hall,Dr. Divya Prasad,Gastroenterology,23,True,161
Kovai Heart Institute,Town Hall,Dr. Kavitha Krishnan,General Surgery,16,True,360
Kovai Heart Institute,Town Hall,Dr. Meena Menon,Ophthalmology,7,False,358
Kovai Heart Institute,Town Hall,Dr. Kavitha Rao,Oncology,13,False,147
Green Valley Health Center,Singanallur,Dr. Sneha Iyer,Orthopedics,22,False,101
Green Valley Health Center,Singanallur,Dr. Balaji Krishnan,Oncology,18,False,367
Green Valley Health Center,Singanallur,Dr. Arun Nair,General Surgery,13,True,390
Green Valley Health Center,Singanallur,Dr. Balaji Pillai,Gastroenterology,23,True,296
Green Valley Health Center,Singanallur,Dr. Arun Krishnan,Gynecology,21,False,355
Hope Specialty Hospital,Selvapuram,Dr. Vijay Iyer,Neurology,21,True,343
Hope Specialty Hospital,Selvapuram,Dr. Sneha Krishnan,Pediatrics,5,False,144
Hope Specialty Hospital,Selvapuram,Dr. Arun Iyer,General Medicine,13,False,343
Hope Specialty Hospital,Selvapuram,Dr. Shalini Rao,Oncology,8,True,398
Hope Specialty Hospital,Selvapuram,Dr. Anitha Reddy,Dermatology,6,True,215
Trinity Care Hospital,Saravanampatti,Dr. Rahul Krishnan,General Surgery,15,True,312
Trinity Care Hospital,Saravanampatti,Dr. Vijay Rao,Gynecology,12,False,386
Trinity Care Hospital,Saravanampatti,Dr. Rohit Reddy,Orthopedics,15,False,281
Trinity Care Hospital,Saravanampatti,Dr. Divya Reddy,Pediatrics,25,False,341
Trinity Care Hospital,Saravanampatti,Dr. Ashwin Sharma,Cardiology,9,True,333
Elite Health Care,Singanallur,Dr. Divya Reddy,Neurology,10,True,113
Elite Health Care,Singanallur,Dr. Kavitha Menon,General Medicine,21,True,218
Elite Health Care,Singanallur,Dr. Sneha Pillai,Gastroenterology,22,False,221
Elite Health Care,Singanallur,Dr. Sneha Prasad,General Surgery,8,False,307
Elite Health Care,Singanallur,Dr. Rohit Prasad,Orthopedics,7,False,350
Rainbow Children’s Hospital,Saravanampatti,Dr. Meena Rao,Cardiology,5,True,176
Rainbow Children’s Hospital,Saravanampatti,Dr. Varun Reddy,Pediatrics,14,True,274
Rainbow Children’s Hospital,Saravanampatti,Dr. Rajiv Krishnan,Oncology,14,False,146
Rainbow Children’s Hospital,Saravanampatti,Dr. Divya Pillai,General Medicine,21,True,93
Rainbow Children’s Hospital,Saravanampatti,Dr. Meena Krishnan,Gastroenterology,25,False,323
MediLife Multispecialty,Sulur,Dr. Sneha Pillai,Ophthalmology,9,False,295
MediLife Multispecialty,Sulur,Dr. Shalini Iyer,Gastroenterology,12,True,357
MediLife Multispecialty,Sulur,Dr. Meena Pillai,Pediatrics,7,True,387
MediLife Multispecialty,Sulur,Dr. Naveen Kumar,General Medicine,12,True,209
MediLife Multispecialty,Sulur,Dr. Rajiv Sharma,Gynecology,18,False,209
Vision Plus Eye Hospital,Kuniyamuthur,Dr. Arun Kumar,Gynecology,24,True,310
Vision Plus Eye Hospital,Kuniyamuthur,Dr. Divya Rao,Gastroenterology,23,True,344
Vision Plus Eye Hospital,Kuniyamuthur,Dr. Rajiv Rao,Neurology,8,True,202
Vision Plus Eye Hospital,Kuniyamuthur,Dr. Varun Nair,General Surgery,21,True,193
Vision Plus Eye Hospital,Kuniyamuthur,Dr. Karthik Sharma,Orthopedics,12,False,214
Shree Balaji Medical Institute,Kalapatti,Dr. Divya Nair,Dermatology,23,False,271
Shree Balaji Medical Institute,Kalapatti,Dr. Anitha Nair,Pediatrics,23,False,366
Shree Balaji Medical Institute,Kalapatti,Dr. Vijay Pillai,Oncology,21,False,290
Shree Balaji Medical Institute,Kalapatti,Dr. Karthik Nair,Neurology,6,False,256
Shree Balaji Medical Institute,Kalapatti,Dr. Varun Iyer,Gynecology,15,False,182
WellCare Hospital,Ganapathy,Dr. Naveen Krishnan,Cardiology,10,False,116
WellCare Hospital,Ganapathy,Dr. Meena Iyer,Pediatrics,22,True,178
WellCare Hospital,Ganapathy,Dr. Balaji Kumar,Gastroenterology,20,True,118
WellCare Hospital,Ganapathy,Dr. Arun Kumar,Gynecology,19,False,300
WellCare Hospital,Ganapathy,Dr. Ashwin Sharma,General Surgery,18,False,217
Sunshine Neuro Center,Perur,Dr. Vijay Kumar,General Medicine,13,True,372
Sunshine Neuro Center,Perur,Dr. Rajiv Prasad,Pediatrics,22,False,218
Sunshine Neuro Center,Perur,Dr. Kavitha Iyer,General Surgery,24,True,158
Sunshine Neuro Center,Perur,Dr. Karthik Rao,Gynecology,20,False,265
Sunshine Neuro Center,Perur,Dr. Varun Krishnan,Neurology,6,False,355
Grace Medical College,Ukkadam,Dr. Deepa Krishnan,Gastroenterology,17,True,348
Grace Medical College,Ukkadam,Dr. Shalini Reddy,General Medicine,19,False,243
Grace Medical College,Ukkadam,Dr. Sneha Kumar,Gynecology,6,True,262
Grace Medical College,Ukkadam,Dr. Balaji Krishnan,Dermatology,24,True,271
Grace Medical College,Ukkadam,Dr. Shalini Pillai,Neurology,17,True,397
Prime Care Hospital,Singanallur,Dr. Divya Sharma,Pediatrics,20,False,392
Prime Care Hospital,Singanallur,Dr. Arun Menon,Ophthalmology,12,False,98
Prime Care Hospital,Singanallur,Dr. Rajiv Prasad,Orthopedics,22,True,344
Prime Care Hospital,Singanallur,Dr. Karthik Rao,Dermatology,17,False,180
Prime Care Hospital,Singanallur,Dr. Rohit Rao,Cardiology,25,True,123
Janani Women & Child Hospital,Gandhipuram,Dr. Arun Nair,Neurology,14,True,218
Janani Women & Child Hospital,Gandhipuram,Dr. Karthik Pillai,General Medicine,18,True,301
Janani Women & Child Hospital,Gandhipuram,Dr. Arun Kumar,Dermatology,5,False,338
Janani Women & Child Hospital,Gandhipuram,Dr. Divya Sharma,General Surgery,23,False,127
Janani Women & Child Hospital,Gandhipuram,Dr. Balaji Pillai,Gastroenterology,18,False,329
Sundar Eye Institute,Marudamalai,Dr. Naveen Sharma,Neurology,17,False,104
Sundar Eye Institute,Marudamalai,Dr. Balaji Reddy,General Surgery,7,True,395
Sundar Eye Institute,Marudamalai,Dr. Suresh Nair,Dermatology,21,True,253
Sundar Eye Institute,Marudamalai,Dr. Arun Krishnan,Ophthalmology,5,True,380
Sundar Eye Institute,Marudamalai,Dr. Kavitha Menon,Gynecology,12,True,161
Harmony Health Center,Perur,Dr. Sneha Sharma,Neurology,9,False,102
Harmony Health Center,Perur,Dr. Arun Kumar,General Medicine,17,False,112
Harmony Health Center,Perur,Dr. Balaji Menon,Oncology,17,False,131
Harmony Health Center,Perur,Dr. Suresh Iyer,Orthopedics,25,True,279
Harmony Health Center,Perur,Dr. Karthik Reddy,Gastroenterology,22,False,399
Nova Medical College,Chinniampalayam,Dr. Priya Iyer,Neurology,12,False,349
Nova Medical College,Chinniampalayam,Dr. Arun Iyer,Gynecology,20,True,267
Nova Medical College,Chinniampalayam,Dr. Kavitha Krishnan,Dermatology,22,True,228
Nova Medical College,Chinniampalayam,Dr. Priya Prasad,General Surgery,14,True,146
Nova Medical College,Chinniampalayam,Dr. Suresh Kumar,Cardiology,10,True,356
Sri Meenakshi Health Center,Avinashi Road,Dr. Naveen Menon,Gastroenterology,17,True,395
Sri Meenakshi Health Center,Avinashi Road,Dr. Arun Kumar,Neurology,14,True,388
Sri Meenakshi Health Center,Avinashi Road,Dr. Balaji Sharma,General Surgery,9,False,173
Sri Meenakshi Health Center,Avinashi Road,Dr. Kavitha Rao,Ophthalmology,21,False,230
Sri Meenakshi Health Center,Avinashi Road,Dr. Ashwin Krishnan,Orthopedics,11,True,352
Aster Specialty Hospital,Kuniyamuthur,Dr. Shalini Kumar,General Surgery,19,False,397
Aster Specialty Hospital,Kuniyamuthur,Dr. Rahul Kumar,Gastroenterology,20,False,92
Aster Specialty Hospital,Kuniyamuthur,Dr. Anitha Kumar,Dermatology,7,True,115
Aster Specialty Hospital,Kuniyamuthur,Dr. Rohit Prasad,Ophthalmology,8,False,201
Aster Specialty Hospital,Kuniyamuthur,Dr. Varun Prasad,General Medicine,23,True,95
Sankara Neuro Institute,Avinashi Road,Dr. Deepa Pillai,Orthopedics,15,False,178
Sankara Neuro Institute,Avinashi Road,Dr. Varun Nair,Ophthalmology,19,True,304
Sankara Neuro Institute,Avinashi Road,Dr. Priya Nair,Cardiology,24,True,128
Sankara Neuro Institute,Avinashi Road,Dr. Priya Kumar,Dermatology,5,False,377
Sankara Neuro Institute,Avinashi Road,Dr. Rahul Reddy,Gastroenterology,18,True,184
Royal Heart Care,Thudiyalur,Dr. Priya Sharma,General Surgery,22,False,230
Royal Heart Care,Thudiyalur,Dr. Sneha Kumar,Oncology,6,True,189
Royal Heart Care,Thudiyalur,Dr. Anitha Prasad,Ophthalmology,16,True,195
Royal Heart Care,Thudiyalur,Dr. Harini Sharma,General Medicine,6,False,96
Royal Heart Care,Thudiyalur,Dr. Divya Sharma,Gynecology,25,True,285
LifeSpring Hospital,Kuniyamuthur,Dr. Karthik Menon,Pediatrics,13,True,168
LifeSpring Hospital,Kuniyamuthur,Dr. Kavitha Nair,Cardiology,15,True,245
LifeSpring Hospital,Kuniyamuthur,Dr. Naveen Rao,General Surgery,25,True,331
LifeSpring Hospital,Kuniyamuthur,Dr. Varun Rao,Dermatology,12,True,227
LifeSpring Hospital,Kuniyamuthur,Dr. Balaji Kumar,Gynecology,12,True,387
Heritage Multispecialty,Saravanampatti,Dr. Meena Kumar,General Surgery,22,True,107
Heritage Multispecialty,Saravanampatti,Dr. Karthik Kumar,Neurology,11,False,178
Heritage Multispecialty,Saravanampatti,Dr. Rahul Nair,Pediatrics,13,False,377
Heritage Multispecialty,Saravanampatti,Dr. Rahul Sharma,Ophthalmology,10,False,213
Heritage Multispecialty,Saravanampatti,Dr. Balaji Sharma,Cardiology,19,True,225
Unity Medical Institute,Podanur,Dr. Ashwin Iyer,Gastroenterology,25,False,262
Unity Medical Institute,Podanur,Dr. Priya Kumar,Cardiology,23,True,151
Unity Medical Institute,Podanur,Dr. Naveen Iyer,General Medicine,18,True,105
Unity Medical Institute,Podanur,Dr. Ashwin Krishnan,Oncology,20,False,135
Unity Medical Institute,Podanur,Dr. Naveen Rao,Ophthalmology,20,False,81
Sri Sai Health Center,Kovaipudur,Dr. Rajiv Nair,Cardiology,11,True,227
Sri Sai Health Center,Kovaipudur,Dr. Divya Rao,Orthopedics,20,False,251
Sri Sai Health Center,Kovaipudur,Dr. Naveen Sharma,Gynecology,12,True,362
Sri Sai Health Center,Kovaipudur,Dr. Rajiv Krishnan,Gastroenterology,18,True,211
Sri Sai Health Center,Kovaipudur,Dr. Kavitha Reddy,Pediatrics,18,True,367
Healing Touch Hospital,Kuniyamuthur,Dr. Rajiv Sharma,Dermatology,24,True,313
Healing Touch Hospital,Kuniyamuthur,Dr. Divya Krishnan,Gastroenterology,25,False,356
Healing Touch Hospital,Kuniyamuthur,Dr. Arun Iyer,Orthopedics,18,True,204
Healing Touch Hospital,Kuniyamuthur,Dr. Varun Krishnan,Neurology,17,True,392
Healing Touch Hospital,Kuniyamuthur,Dr. Ashwin Nair,Ophthalmology,9,False,284
Sacred Heart Medical College,Saravanampatti,Dr. Arun Nair,Neurology,10,True,150
Sacred Heart Medical College,Saravanampatti,Dr. Vijay Krishnan,General Surgery,25,False,209
Sacred Heart Medical College,Saravanampatti,Dr. Sneha Iyer,Gynecology,13,True,378
Sacred Heart Medical College,Saravanampatti,Dr. Rahul Krishnan,Pediatrics,12,True,265
Sacred Heart Medical College,Saravanampatti,Dr. Vijay Rao,General Medicine,14,False,377
Bluebell Hospital,Thudiyalur,Dr. Balaji Pillai,General Surgery,17,False,177
Bluebell Hospital,Thudiyalur,Dr. Divya Pillai,Dermatology,19,False,81
Bluebell Hospital,Thudiyalur,Dr. Suresh Sharma,Oncology,16,True,326
Bluebell Hospital,Thudiyalur,Dr. Rahul Prasad,Gastroenterology,15,False,289
Bluebell Hospital,Thudiyalur,Dr. Varun Pillai,Neurology,5,True,321
Skyline Health Institute,Chinniampalayam,Dr. Balaji Nair,Dermatology,7,False,321
Skyline Health Institute,Chinniampalayam,Dr. Sneha Nair,Oncology,7,True,160
Skyline Health Institute,Chinniampalayam,Dr. Sneha Kumar,Gastroenterology,5,False,145
Skyline Health Institute,Chinniampalayam,Dr. Karthik Menon,Orthopedics,14,False,88
Skyline Health Institute,Chinniampalayam,Dr. Kavitha Pillai,Ophthalmology,12,True,122
Athena Women’s Hospital,Singanallur,Dr. Deepa Krishnan,Cardiology,8,True,269
Athena Women’s Hospital,Singanallur,Dr. Sneha Krishnan,Gastroenterology,24,True,197
Athena Women’s Hospital,Singanallur,Dr. Suresh Iyer,Neurology,21,False,387
Athena Women’s Hospital,Singanallur,Dr. Meena Rao,Oncology,23,True,253
Athena Women’s Hospital,Singanallur,Dr. Kavitha Menon,Ophthalmology,9,True,118
Wellbeing Care Hospital,Marudamalai,Dr. Shalini Menon,General Surgery,25,False,149
Wellbeing Care Hospital,Marudamalai,Dr. Meena Iyer,Neurology,24,False,205
Wellbeing Care Hospital,Marudamalai,Dr. Vijay Kumar,General Medicine,8,True,105
Wellbeing Care Hospital,Marudamalai,Dr. Meena Prasad,Pediatrics,12,False,83
Wellbeing Care Hospital,Marudamalai,Dr. Rajiv Kumar,Orthopedics,6,True,381
MediTrust Hospital,Perur,Dr. Naveen Prasad,Orthopedics,23,False,125
MediTrust Hospital,Perur,Dr. Kavitha Sharma,Cardiology,23,True,209
MediTrust Hospital,Perur,Dr. Varun Nair,Dermatology,5,False,145
MediTrust Hospital,Perur,Dr. Ashwin Pillai,Neurology,22,False,157
MediTrust Hospital,Perur,Dr. Rahul Sharma,Oncology,5,True,102
Sri Ramana Neuro Hospital,Gandhipuram,Dr. Priya Reddy,Orthopedics,18,True,259
Sri Ramana Neuro Hospital,Gandhipuram,Dr. Rohit Rao,Pediatrics,17,False,221
Sri Ramana Neuro Hospital,Gandhipuram,Dr. Meena Rao,Gastroenterology,8,False,127
Sri Ramana Neuro Hospital,Gandhipuram,Dr. Arun Krishnan,Dermatology,18,True,322
Sri Ramana Neuro Hospital,Gandhipuram,Dr. Divya Prasad,Neurology,17,False,92
Galaxy Specialty Clinic,Gandhipuram,Dr. Karthik Kumar,Orthopedics,19,True,239
Galaxy Specialty Clinic,Gandhipuram,Dr. Divya Reddy,General Surgery,9,True,106
Galaxy Specialty Clinic,Gandhipuram,Dr. Anitha Kumar,Gastroenterology,24,False,352
Galaxy Specialty Clinic,Gandhipuram,Dr. Ashwin Nair,Pediatrics,9,False,265
Galaxy Specialty Clinic,Gandhipuram,Dr. Priya Rao,Cardiology,22,True,364
Om Shakthi Medical Center,Singanallur,Dr. Shalini Krishnan,General Surgery,14,False,126
Om Shakthi Medical Center,Singanallur,Dr. Karthik Sharma,Gastroenterology,19,False,280
Om Shakthi Medical Center,Singanallur,Dr. Balaji Kumar,Pediatrics,18,False,310
Om Shakthi Medical Center,Singanallur,Dr. Naveen Pillai,Neurology,22,True,319
Om Shakthi Medical Center,Singanallur,Dr. Varun Kumar,Orthopedics,23,True,183
Starline Children’s Hospital,Marudamalai,Dr. Meena Menon,Gynecology,12,True,302
Starline Children’s Hospital,Marudamalai,Dr. Ashwin Pillai,General Medicine,19,True,275
Starline Children’s Hospital,Marudamalai,Dr. Arun Nair,Oncology,22,False,159
Starline Children’s Hospital,Marudamalai,Dr. Meena Sharma,Orthopedics,21,False,160
Starline Children’s Hospital,Marudamalai,Dr. Anitha Menon,Neurology,18,True,389
Brahma Ortho Institute,Gandhipuram,Dr. Kavitha Rao,Dermatology,22,True,328
Brahma Ortho Institute,Gandhipuram,Dr. Shalini Sharma,General Medicine,9,False,173
Brahma Ortho Institute,Gandhipuram,Dr. Rahul Iyer,Pediatrics,20,True,86
Brahma Ortho Institute,Gandhipuram,Dr. Rohit Iyer,General Surgery,24,False,100
Brahma Ortho Institute,Gandhipuram,Dr. Arun Iyer,Cardiology,16,True,386
Zenith Health College,Ukkadam,Dr. Vijay Kumar,Orthopedics,20,True,286
Zenith Health College,Ukkadam,Dr. Karthik Sharma,Gastroenterology,16,False,369
Zenith Health College,Ukkadam,Dr. Rajiv Reddy,Pediatrics,13,False,350
Zenith Health College,Ukkadam,Dr. Vijay Nair,Ophthalmology,22,True,306
Zenith Health College,Ukkadam,Dr. Harini Reddy,Cardiology,18,True,399
Veda Women’s Hospital,Town Hall,Dr. Varun Rao,Oncology,10,True,112
Veda Women’s Hospital,Town Hall,Dr. Varun Iyer,Cardiology,14,False,351
Veda Women’s Hospital,Town Hall,Dr. Anitha Nair,Ophthalmology,23,True,339
Veda Women’s Hospital,Town Hall,Dr. Karthik Prasad,Gynecology,9,False,356
Veda Women’s Hospital,Town Hall,Dr. Naveen Iyer,General Medicine,23,True,159
Sapphire Eye Hospital,Singanallur,Dr. Harini Menon,Orthopedics,25,True,99
Sapphire Eye Hospital,Singanallur,Dr. Karthik Krishnan,Gastroenterology,5,False,172
Sapphire Eye Hospital,Singanallur,Dr. Rahul Kumar,General Surgery,12,False,299
Sapphire Eye Hospital,Singanallur,Dr. Naveen Iyer,General Medicine,14,True,339
Sapphire Eye Hospital,Singanallur,Dr. Balaji Krishnan,Dermatology,17,True,111
Amrita Specialty Hospital,Irugur,Dr. Balaji Rao,Cardiology,11,False,341
Amrita Specialty Hospital,Irugur,Dr. Meena Nair,Ophthalmology,25,False,95
Amrita Specialty Hospital,Irugur,Dr. Anitha Prasad,General Surgery,19,True,377
Amrita Specialty Hospital,Irugur,Dr. Shalini Menon,Gastroenterology,14,False,140
Amrita Specialty Hospital,Irugur,Dr. Anitha Pillai,Dermatology,22,True,116
Phoenix Heart Institute,Podanur,Dr. Meena Krishnan,Gastroenterology,11,False,152
Phoenix Heart Institute,Podanur,Dr. Priya Prasad,Gynecology,20,True,317
Phoenix Heart Institute,Podanur,Dr. Kavitha Rao,General Medicine,9,False,351
Phoenix Heart Institute,Podanur,Dr. Anitha Rao,Ophthalmology,14,False,202
Phoenix Heart Institute,Podanur,Dr. Arun Nair,Neurology,8,False,245
Arcadia Health Center,Marudamalai,Dr. Arun Krishnan,Neurology,8,False,87
Arcadia Health Center,Marudamalai,Dr. Varun Prasad,General Surgery,25,True,81
Arcadia Health Center,Marudamalai,Dr. Sneha Nair,Ophthalmology,8,False,221
Arcadia Health Center,Marudamalai,Dr. Divya Menon,Pediatrics,22,False,115
Arcadia Health Center,Marudamalai,Dr. Divya Sharma,General Medicine,21,False,247
MedStar Multispecialty,Saravanampatti,Dr. Sneha Krishnan,General Surgery,8,True,170
MedStar Multispecialty,Saravanampatti,Dr. Arun Iyer,Gastroenterology,13,False,244
MedStar Multispecialty,Saravanampatti,Dr. Suresh Pillai,Pediatrics,6,False,248
MedStar Multispecialty,Saravanampatti,Dr. Shalini Reddy,General Medicine,6,False,330
MedStar Multispecialty,Saravanampatti,Dr. Meena Menon,Orthopedics,18,False,340
Vital Care Hospital,Singanallur,Dr. Sneha Krishnan,Oncology,22,False,165
Vital Care Hospital,Singanallur,Dr. Rajiv Rao,General Surgery,20,False,182
Vital Care Hospital,Singanallur,Dr. Rohit Menon,Pediatrics,7,False,231
Vital Care Hospital,Singanallur,Dr. Rohit Reddy,Orthopedics,10,False,100
Vital Care Hospital,Singanallur,Dr. Rahul Krishnan,Neurology,5,False,297
Cosmos Medical Institute,Ukkadam,Dr. Vijay Reddy,Gynecology,25,True,104
Cosmos Medical Institute,Ukkadam,Dr. Priya Rao,Orthopedics,22,False,257
Cosmos Medical Institute,Ukkadam,Dr. Suresh Pillai,Dermatology,15,False,110
Cosmos Medical Institute,Ukkadam,Dr. Karthik Nair,General Surgery,11,False,250
Cosmos Medical Institute,Ukkadam,Dr. Balaji Prasad,Oncology,7,False,272
Emerald Eye Clinic,Sulur,Dr. Anitha Nair,General Surgery,23,False,156
Emerald Eye Clinic,Sulur,Dr. Rohit Pillai,Gynecology,5,False,141
Emerald Eye Clinic,Sulur,Dr. Meena Iyer,Orthopedics,23,False,332
Emerald Eye Clinic,Sulur,Dr. Kavitha Iyer,General Medicine,19,True,151
Emerald Eye Clinic,Sulur,Dr. Harini Prasad,Gastroenterology,11,False,239
Sterling Neuro Care,Irugur,Dr. Divya Pillai,General Surgery,12,False,92
Sterling Neuro Care,Irugur,Dr. Shalini Prasad,Gastroenterology,22,True,351
Sterling Neuro Care,Irugur,Dr. Karthik Rao,Gynecology,15,True,134
Sterling Neuro Care,Irugur,Dr. Shalini Rao,Orthopedics,24,True,363
Sterling Neuro Care,Irugur,Dr. Priya Prasad,Ophthalmology,10,False,340
Cura Medical College,Ganapathy,Dr. Ashwin Krishnan,Dermatology,18,False,212
Cura Medical College,Ganapathy,Dr. Rahul Nair,Neurology,19,True,113
Cura Medical College,Ganapathy,Dr. Rahul Krishnan,General Medicine,13,False,271
Cura Medical College,Ganapathy,Dr. Priya Prasad,Oncology,11,False,191
Cura Medical College,Ganapathy,Dr. Suresh Prasad,Orthopedics,17,False,158
Radiant Health Care,Irugur,Dr. Sneha Rao,General Surgery,19,True,337
Radiant Health Care,Irugur,Dr. Meena Krishnan,Gastroenterology,19,True,296
Radiant Health Care,Irugur,Dr. Balaji Iyer,Neurology,14,False,111
Radiant Health Care,Irugur,Dr. Arun Nair,Ophthalmology,25,True,387
Radiant Health Care,Irugur,Dr. Karthik Rao,General Medicine,14,False,307
Pranav Children’s Hospital,Kalapatti,Dr. Divya Reddy,Neurology,21,False,328
Pranav Children’s Hospital,Kalapatti,Dr. Balaji Iyer,Cardiology,9,True,333
Pranav Children’s Hospital,Kalapatti,Dr. Rajiv Krishnan,Orthopedics,6,True,323
Pranav Children’s Hospital,Kalapatti,Dr. Naveen Prasad,Oncology,25,True,102
Pranav Children’s Hospital,Kalapatti,Dr. Meena Iyer,Gastroenterology,19,True,294
Sri Ramana Eye Institute,Avinashi Road,Dr. Shalini Nair,Oncology,8,False,182
Sri Ramana Eye Institute,Avinashi Road,Dr. Kavitha Prasad,Gastroenterology,10,False,165
Sri Ramana Eye Institute,Avinashi Road,Dr. Vijay Pillai,Gynecology,8,True,82
Sri Ramana Eye Institute,Avinashi Road,Dr. Anitha Kumar,Dermatology,11,True,97
Sri Ramana Eye Institute,Avinashi Road,Dr. Rahul Prasad,General Medicine,12,True,125
Omega Specialty Hospital,Singanallur,Dr. Karthik Sharma,General Medicine,23,True,123
Omega Specialty Hospital,Singanallur,Dr. Sneha Pillai,Ophthalmology,21,True,382
Omega Specialty Hospital,Singanallur,Dr. Harini Sharma,Gastroenterology,13,True,297
Omega Specialty Hospital,Singanallur,Dr. Ashwin Iyer,Pediatrics,19,True,244
Omega Specialty Hospital,Singanallur,Dr. Balaji Iyer,General Surgery,18,False,395
Clover Medical Institute,Avinashi Road,Dr. Sneha Krishnan,Ophthalmology,12,True,278
Clover Medical Institute,Avinashi Road,Dr. Naveen Kumar,General Surgery,13,False,222
Clover Medical Institute,Avinashi Road,Dr. Varun Kumar,Gastroenterology,8,False,204
Clover Medical Institute,Avinashi Road,Dr. Naveen Prasad,Orthopedics,19,True,205
Clover Medical Institute,Avinashi Road,Dr. Meena Rao,Gynecology,16,False,214
Vista Women’s Hospital,Gandhipuram,Dr. Sneha Prasad,Neurology,17,False,322
Vista Women’s Hospital,Gandhipuram,Dr. Naveen Nair,General Medicine,5,True,336
Vista Women’s Hospital,Gandhipuram,Dr. Ashwin Menon,Orthopedics,21,False,236
Vista Women’s Hospital,Gandhipuram,Dr. Priya Sharma,Cardiology,14,True,204
Vista Women’s Hospital,Gandhipuram,Dr. Meena Iyer,Gynecology,18,False,167
Pulse Heart Care,Gandhipuram,Dr. Suresh Rao,General Medicine,6,False,172
Pulse Heart Care,Gandhipuram,Dr. Shalini Nair,Ophthalmology,20,False,319
Pulse Heart Care,Gandhipuram,Dr. Meena Sharma,General Surgery,21,False,209
Pulse Heart Care,Gandhipuram,Dr. Arun Kumar,Oncology,15,True,353
Pulse Heart Care,Gandhipuram,Dr. Harini Kumar,Gastroenterology,7,False,302
Magnus General Hospital,Selvapuram,Dr. Suresh Krishnan,Orthopedics,17,True,273
Magnus General Hospital,Selvapuram,Dr. Kavitha Krishnan,Ophthalmology,20,True,141
Magnus General Hospital,Selvapuram,Dr. Balaji Krishnan,Gynecology,7,True,270
Magnus General Hospital,Selvapuram,Dr. Rajiv Sharma,Neurology,10,False,86
Magnus General Hospital,Selvapuram,Dr. Priya Krishnan,General Medicine,14,True,375
Beacon Health College,Kalapatti,Dr. Meena Reddy,Oncology,19,True,315
Beacon Health College,Kalapatti,Dr. Divya Iyer,Orthopedics,12,False,389
Beacon Health College,Kalapatti,Dr. Priya Iyer,Gastroenterology,20,True,305
Beacon Health College,Kalapatti,Dr. Vijay Pillai,General Medicine,18,False,379
Beacon Health College,Kalapatti,Dr. Varun Menon,Dermatology,21,False,393
Olive Health Center,Thudiyalur,Dr. Meena Nair,Cardiology,23,False,288
Olive Health Center,Thudiyalur,Dr. Rohit Prasad,Gastroenterology,23,True,82
Olive Health Center,Thudiyalur,Dr. Meena Menon,Dermatology,19,True,144
Olive Health Center,Thudiyalur,Dr. Karthik Nair,Orthopedics,7,True,184
Olive Health Center,Thudiyalur,Dr. Kavitha Prasad,General Medicine,5,False,274
Infinity Medical College,Irugur,Dr. Suresh Reddy,Orthopedics,16,True,122
Infinity Medical College,Irugur,Dr. Sneha Sharma,General Medicine,11,False,331
Infinity Medical College,Irugur,Dr. Balaji Prasad,Gastroenterology,12,False,139
Infinity Medical College,Irugur,Dr. Naveen Pillai,Ophthalmology,17,True,89
Infinity Medical College,Irugur,Dr. Vijay Rao,Gynecology,22,False,170
Medicover Specialty Hospital,Gandhipuram,Dr. Rahul Nair,Neurology,13,True,118
Medicover Specialty Hospital,Gandhipuram,Dr. Anitha Kumar,General Surgery,20,True,120
Medicover Specialty Hospital,Gandhipuram,Dr. Naveen Reddy,Ophthalmology,14,False,305
Medicover Specialty Hospital,Gandhipuram,Dr. Suresh Sharma,Gynecology,16,True,377
Medicover Specialty Hospital,Gandhipuram,Dr. Sneha Reddy,Cardiology,11,False,278
Summit Neuro Institute,Saravanampatti,Dr. Priya Krishnan,General Surgery,9,False,331
Summit Neuro Institute,Saravanampatti,Dr. Meena Rao,General Medicine,19,False,119
Summit Neuro Institute,Saravanampatti,Dr. Harini Kumar,Oncology,14,False,360
Summit Neuro Institute,Saravanampatti,Dr. Rahul Kumar,Orthopedics,11,True,174
Summit Neuro Institute,Saravanampatti,Dr. Rahul Menon,Ophthalmology,5,True,156
Serene Women’s Hospital,Saravanampatti,Dr. Sneha Nair,Oncology,9,True,389
Serene Women’s Hospital,Saravanampatti,Dr. Divya Rao,Orthopedics,13,True,186
Serene Women’s Hospital,Saravanampatti,Dr. Kavitha Sharma,Ophthalmology,8,True,392
Serene Women’s Hospital,Saravanampatti,Dr. Rahul Menon,Neurology,13,False,207
Serene Women’s Hospital,Saravanampatti,Dr. Meena Rao,Pediatrics,21,True,155
Zen Care Hospital,Avinashi Road,Dr. Shalini Nair,Gynecology,23,False,282
Zen Care Hospital,Avinashi Road,Dr. Rohit Reddy,General Surgery,12,True,251
Zen Care Hospital,Avinashi Road,Dr. Rahul Iyer,Oncology,20,False,152
Zen Care Hospital,Avinashi Road,Dr. Priya Sharma,Orthopedics,20,False,201
Zen Care Hospital,Avinashi Road,Dr. Naveen Reddy,General Medicine,23,True,235
Divine Health Center,Ukkadam,Dr. Rahul Reddy,Ophthalmology,14,True,220
Divine Health Center,Ukkadam,Dr. Rohit Rao,Neurology,6,False,330
Divine Health Center,Ukkadam,Dr. Deepa Menon,General Medicine,12,False,97
Divine Health Center,Ukkadam,Dr. Balaji Iyer,Gynecology,5,False,101
Divine Health Center,Ukkadam,Dr. Harini Rao,Cardiology,7,False,216
Grace Heart Institute,Sulur,Dr. Sneha Nair,Gastroenterology,19,False,127
Grace Heart Institute,Sulur,Dr. Shalini Menon,Orthopedics,12,False,385
Grace Heart Institute,Sulur,Dr. Varun Kumar,Gynecology,10,False,132
Grace Heart Institute,Sulur,Dr. Vijay Sharma,General Surgery,8,False,378
Grace Heart Institute,Sulur,Dr. Ashwin Prasad,Dermatology,19,False,244
Florence Eye Hospital,Perur,Dr. Balaji Kumar,General Medicine,19,False,284
Florence Eye Hospital,Perur,Dr. Varun Reddy,Pediatrics,16,False,391
Florence Eye Hospital,Perur,Dr. Karthik Krishnan,Cardiology,19,True,324
Florence Eye Hospital,Perur,Dr. Arun Nair,Orthopedics,18,False,206
Florence Eye Hospital,Perur,Dr. Rahul Rao,Neurology,12,True,275
Lifecare Children’s Hospital,Sulur,Dr. Shalini Pillai,Dermatology,20,True,101
Lifecare Children’s Hospital,Sulur,Dr. Priya Sharma,Gynecology,13,False,308
Lifecare Children’s Hospital,Sulur,Dr. Naveen Rao,General Medicine,21,True,362
Lifecare Children’s Hospital,Sulur,Dr. Anitha Nair,Neurology,7,False,337
Lifecare Children’s Hospital,Sulur,Dr. Karthik Rao,Oncology,21,False,353
